elapsed_s,role,workload,index,priority,pid,throughput,unit
3.212,lp,train,0,0,22884,202.94,samples/s
3.332,lp,train,0,0,22884,267.07,samples/s
3.452,lp,train,0,0,22884,267.03,samples/s
3.568,lp,train,0,0,22884,276.12,samples/s
3.681,lp,train,0,0,22884,282.26,samples/s
3.801,lp,train,0,0,22884,267.1,samples/s
3.91,lp,train,0,0,22884,294.91,samples/s
4.017,lp,train,0,0,22884,299.2,samples/s
4.122,lp,train,0,0,22884,302.29,samples/s
4.226,lp,train,0,0,22884,308.9,samples/s
4.33,lp,train,0,0,22884,309.73,samples/s
4.43,lp,train,0,0,22884,317.86,samples/s
4.53,lp,train,0,0,22884,319.45,samples/s
4.628,lp,train,0,0,22884,326.41,samples/s
4.726,lp,train,0,0,22884,328.97,samples/s
4.822,lp,train,0,0,22884,334.07,samples/s
4.917,lp,train,0,0,22884,334.33,samples/s
5.012,lp,train,0,0,22884,340.03,samples/s
5.105,lp,train,0,0,22884,341.45,samples/s
5.198,lp,train,0,0,22884,347.0,samples/s
5.289,lp,train,0,0,22884,349.5,samples/s
5.38,lp,train,0,0,22884,352.98,samples/s
5.47,lp,train,0,0,22884,357.32,samples/s
5.559,lp,train,0,0,22884,357.39,samples/s
5.647,lp,train,0,0,22884,364.63,samples/s
5.735,lp,train,0,0,22884,364.08,samples/s
5.821,lp,train,0,0,22884,370.46,samples/s
5.907,lp,train,0,0,22884,373.04,samples/s
5.992,lp,train,0,0,22884,375.1,samples/s
6.077,lp,train,0,0,22884,379.08,samples/s
6.161,lp,train,0,0,22884,378.71,samples/s
6.245,lp,train,0,0,22884,384.73,samples/s
6.328,lp,train,0,0,22884,384.82,samples/s
6.411,lp,train,0,0,22884,385.52,samples/s
6.493,lp,train,0,0,22884,390.3,samples/s
6.575,lp,train,0,0,22884,389.41,samples/s
6.656,lp,train,0,0,22884,395.96,samples/s
6.737,lp,train,0,0,22884,396.65,samples/s
6.817,lp,train,0,0,22884,401.67,samples/s
6.896,lp,train,0,0,22884,401.35,samples/s
6.976,lp,train,0,0,22884,403.79,samples/s
7.055,lp,train,0,0,22884,403.86,samples/s
7.138,lp,train,0,0,22884,384.22,samples/s
7.218,lp,train,0,0,22884,398.8,samples/s
7.298,lp,train,0,0,22884,404.16,samples/s
7.377,lp,train,0,0,22884,404.07,samples/s
7.456,lp,train,0,0,22884,403.37,samples/s
7.535,lp,train,0,0,22884,407.15,samples/s
7.614,lp,train,0,0,22884,404.68,samples/s
7.692,lp,train,0,0,22884,408.95,samples/s
7.771,lp,train,0,0,22884,409.77,samples/s
7.848,lp,train,0,0,22884,412.03,samples/s
7.926,lp,train,0,0,22884,414.37,samples/s
8.003,lp,train,0,0,22884,415.73,samples/s
8.08,lp,train,0,0,22884,414.21,samples/s
8.156,lp,train,0,0,22884,419.77,samples/s
8.232,lp,train,0,0,22884,422.17,samples/s
8.307,lp,train,0,0,22884,424.19,samples/s
8.383,lp,train,0,0,22884,422.18,samples/s
8.459,lp,train,0,0,22884,425.19,samples/s
8.534,lp,train,0,0,22884,422.6,samples/s
8.61,lp,train,0,0,22884,424.84,samples/s
8.686,lp,train,0,0,22884,421.63,samples/s
8.761,lp,train,0,0,22884,423.07,samples/s
8.837,lp,train,0,0,22884,421.05,samples/s
8.914,lp,train,0,0,22884,417.47,samples/s
8.991,lp,train,0,0,22884,415.34,samples/s
9.068,lp,train,0,0,22884,417.22,samples/s
9.145,lp,train,0,0,22884,414.9,samples/s
9.223,lp,train,0,0,22884,413.55,samples/s
9.3,lp,train,0,0,22884,414.96,samples/s
9.376,lp,train,0,0,22884,419.58,samples/s
9.452,lp,train,0,0,22884,419.37,samples/s
9.529,lp,train,0,0,22884,419.11,samples/s
9.605,lp,train,0,0,22884,423.01,samples/s
9.68,lp,train,0,0,22884,425.25,samples/s
9.756,lp,train,0,0,22884,421.39,samples/s
9.832,lp,train,0,0,22884,422.85,samples/s
9.907,lp,train,0,0,22884,421.64,samples/s
9.983,lp,train,0,0,22884,423.81,samples/s
10.058,lp,train,0,0,22884,424.9,samples/s
10.134,lp,train,0,0,22884,425.66,samples/s
10.203,lp,train,0,0,22884,460.85,samples/s
10.273,lp,train,0,0,22884,456.61,samples/s
10.343,lp,train,0,0,22884,458.06,samples/s
10.413,lp,train,0,0,22884,460.79,samples/s
10.482,lp,train,0,0,22884,458.69,samples/s
10.552,lp,train,0,0,22884,457.72,samples/s
10.622,lp,train,0,0,22884,461.44,samples/s
10.691,lp,train,0,0,22884,461.42,samples/s
10.76,lp,train,0,0,22884,463.08,samples/s
10.83,lp,train,0,0,22884,459.67,samples/s
10.9,lp,train,0,0,22884,458.61,samples/s
10.969,lp,train,0,0,22884,461.95,samples/s
11.04,lp,train,0,0,22884,453.87,samples/s
11.11,lp,train,0,0,22884,455.24,samples/s
11.18,lp,train,0,0,22884,459.76,samples/s
11.249,lp,train,0,0,22884,459.5,samples/s
11.319,lp,train,0,0,22884,462.49,samples/s
11.389,lp,train,0,0,22884,457.92,samples/s
11.458,lp,train,0,0,22884,458.03,samples/s
11.528,lp,train,0,0,22884,459.71,samples/s
11.597,lp,train,0,0,22884,462.03,samples/s
11.667,lp,train,0,0,22884,459.83,samples/s
11.737,lp,train,0,0,22884,456.85,samples/s
11.807,lp,train,0,0,22884,458.81,samples/s
11.877,lp,train,0,0,22884,461.23,samples/s
11.946,lp,train,0,0,22884,459.45,samples/s
12.016,lp,train,0,0,22884,459.84,samples/s
12.086,lp,train,0,0,22884,458.37,samples/s
12.156,lp,train,0,0,22884,459.22,samples/s
12.225,lp,train,0,0,22884,459.35,samples/s
12.295,lp,train,0,0,22884,459.43,samples/s
12.365,lp,train,0,0,22884,458.14,samples/s
12.435,lp,train,0,0,22884,458.77,samples/s
12.504,lp,train,0,0,22884,458.38,samples/s
12.574,lp,train,0,0,22884,457.65,samples/s
12.644,lp,train,0,0,22884,459.03,samples/s
12.714,lp,train,0,0,22884,460.94,samples/s
12.783,lp,train,0,0,22884,458.91,samples/s
12.853,lp,train,0,0,22884,458.66,samples/s
12.923,lp,train,0,0,22884,458.86,samples/s
12.993,lp,train,0,0,22884,460.12,samples/s
13.062,lp,train,0,0,22884,459.46,samples/s
13.132,lp,train,0,0,22884,457.69,samples/s
13.202,lp,train,0,0,22884,460.28,samples/s
13.272,lp,train,0,0,22884,457.82,samples/s
13.341,lp,train,0,0,22884,460.71,samples/s
13.411,lp,train,0,0,22884,457.77,samples/s
13.481,lp,train,0,0,22884,460.42,samples/s
13.55,lp,train,0,0,22884,459.69,samples/s
13.62,lp,train,0,0,22884,460.65,samples/s
13.689,lp,train,0,0,22884,461.38,samples/s
13.759,lp,train,0,0,22884,462.2,samples/s
13.829,lp,train,0,0,22884,457.79,samples/s
13.898,lp,train,0,0,22884,459.83,samples/s
13.968,lp,train,0,0,22884,458.85,samples/s
14.037,lp,train,0,0,22884,461.88,samples/s
14.107,lp,train,0,0,22884,456.49,samples/s
14.177,lp,train,0,0,22884,462.7,samples/s
14.247,lp,train,0,0,22884,458.01,samples/s
14.316,lp,train,0,0,22884,461.22,samples/s
14.386,lp,train,0,0,22884,458.58,samples/s
14.456,lp,train,0,0,22884,459.9,samples/s
14.526,lp,train,0,0,22884,455.49,samples/s
14.595,lp,train,0,0,22884,460.11,samples/s
14.665,lp,train,0,0,22884,459.75,samples/s
14.735,lp,train,0,0,22884,459.53,samples/s
14.805,lp,train,0,0,22884,458.34,samples/s
14.874,lp,train,0,0,22884,459.52,samples/s
14.945,lp,train,0,0,22884,451.77,samples/s
15.015,lp,train,0,0,22884,459.19,samples/s
15.085,lp,train,0,0,22884,458.3,samples/s
15.155,lp,train,0,0,22884,455.83,samples/s
15.225,lp,train,0,0,22884,457.33,samples/s
15.295,lp,train,0,0,22884,456.84,samples/s
15.365,lp,train,0,0,22884,460.46,samples/s
15.435,lp,train,0,0,22884,458.49,samples/s
15.505,lp,train,0,0,22884,455.62,samples/s
15.575,lp,train,0,0,22884,456.99,samples/s
15.645,lp,train,0,0,22884,456.23,samples/s
15.715,lp,train,0,0,22884,457.38,samples/s
15.785,lp,train,0,0,22884,458.16,samples/s
15.855,lp,train,0,0,22884,458.42,samples/s
15.925,lp,train,0,0,22884,456.32,samples/s
15.995,lp,train,0,0,22884,460.28,samples/s
16.064,lp,train,0,0,22884,460.79,samples/s
16.134,lp,train,0,0,22884,457.74,samples/s
16.204,lp,train,0,0,22884,458.76,samples/s
16.274,lp,train,0,0,22884,459.59,samples/s
16.343,lp,train,0,0,22884,458.82,samples/s
16.413,lp,train,0,0,22884,460.19,samples/s
16.483,lp,train,0,0,22884,457.9,samples/s
16.553,lp,train,0,0,22884,458.37,samples/s
16.622,lp,train,0,0,22884,460.01,samples/s
16.692,lp,train,0,0,22884,459.44,samples/s
16.762,lp,train,0,0,22884,459.9,samples/s
16.831,lp,train,0,0,22884,458.7,samples/s
16.901,lp,train,0,0,22884,460.66,samples/s
16.971,lp,train,0,0,22884,459.22,samples/s
17.04,lp,train,0,0,22884,460.62,samples/s
17.11,lp,train,0,0,22884,457.59,samples/s
17.18,lp,train,0,0,22884,460.35,samples/s
17.249,lp,train,0,0,22884,459.02,samples/s
17.319,lp,train,0,0,22884,461.05,samples/s
17.389,lp,train,0,0,22884,457.92,samples/s
17.459,lp,train,0,0,22884,459.62,samples/s
17.53,lp,train,0,0,22884,449.58,samples/s
17.6,lp,train,0,0,22884,459.24,samples/s
17.669,lp,train,0,0,22884,458.74,samples/s
17.739,lp,train,0,0,22884,458.83,samples/s
17.809,lp,train,0,0,22884,458.58,samples/s
17.878,lp,train,0,0,22884,461.06,samples/s
17.948,lp,train,0,0,22884,462.59,samples/s
18.018,lp,train,0,0,22884,452.8,samples/s
18.088,lp,train,0,0,22884,456.94,samples/s
18.158,lp,train,0,0,22884,461.19,samples/s
18.228,lp,train,0,0,22884,458.7,samples/s
18.297,lp,train,0,0,22884,460.32,samples/s
18.367,lp,train,0,0,22884,457.21,samples/s
18.437,lp,train,0,0,22884,459.45,samples/s
18.507,lp,train,0,0,22884,459.05,samples/s
18.576,lp,train,0,0,22884,460.16,samples/s
18.646,lp,train,0,0,22884,457.8,samples/s
18.716,lp,train,0,0,22884,461.79,samples/s
18.786,lp,train,0,0,22884,457.43,samples/s
18.855,lp,train,0,0,22884,460.83,samples/s
18.925,lp,train,0,0,22884,459.59,samples/s
18.994,lp,train,0,0,22884,459.81,samples/s
19.064,lp,train,0,0,22884,458.15,samples/s
19.134,lp,train,0,0,22884,462.08,samples/s
19.204,lp,train,0,0,22884,457.21,samples/s
19.273,lp,train,0,0,22884,459.3,samples/s
19.343,lp,train,0,0,22884,459.09,samples/s
19.413,lp,train,0,0,22884,459.4,samples/s
19.483,lp,train,0,0,22884,455.1,samples/s
19.553,lp,train,0,0,22884,456.57,samples/s
19.623,lp,train,0,0,22884,457.92,samples/s
19.693,lp,train,0,0,22884,456.93,samples/s
19.763,lp,train,0,0,22884,458.93,samples/s
19.833,lp,train,0,0,22884,459.31,samples/s
19.902,lp,train,0,0,22884,459.53,samples/s
19.972,lp,train,0,0,22884,458.03,samples/s
20.042,lp,train,0,0,22884,458.09,samples/s
20.112,lp,train,0,0,22884,457.75,samples/s
20.182,lp,train,0,0,22884,457.67,samples/s
20.252,lp,train,0,0,22884,459.31,samples/s
20.322,lp,train,0,0,22884,457.45,samples/s
20.391,lp,train,0,0,22884,459.97,samples/s
20.461,lp,train,0,0,22884,457.64,samples/s
20.531,lp,train,0,0,22884,459.21,samples/s
20.601,lp,train,0,0,22884,459.04,samples/s
20.671,lp,train,0,0,22884,455.95,samples/s
20.741,lp,train,0,0,22884,459.56,samples/s
20.811,lp,train,0,0,22884,458.1,samples/s
20.881,lp,train,0,0,22884,457.99,samples/s
20.95,lp,train,0,0,22884,459.6,samples/s
21.02,lp,train,0,0,22884,459.31,samples/s
21.09,lp,train,0,0,22884,458.08,samples/s
21.16,lp,train,0,0,22884,460.33,samples/s
21.23,lp,train,0,0,22884,457.9,samples/s
21.299,lp,train,0,0,22884,459.96,samples/s
21.369,lp,train,0,0,22884,457.25,samples/s
21.439,lp,train,0,0,22884,461.4,samples/s
21.509,lp,train,0,0,22884,457.14,samples/s
21.579,lp,train,0,0,22884,456.08,samples/s
21.648,lp,train,0,0,22884,459.86,samples/s
21.718,lp,train,0,0,22884,460.41,samples/s
21.788,lp,train,0,0,22884,456.26,samples/s
21.858,lp,train,0,0,22884,457.07,samples/s
21.928,lp,train,0,0,22884,458.05,samples/s
21.998,lp,train,0,0,22884,459.72,samples/s
22.068,lp,train,0,0,22884,459.07,samples/s
22.137,lp,train,0,0,22884,460.28,samples/s
22.207,lp,train,0,0,22884,457.37,samples/s
22.277,lp,train,0,0,22884,456.47,samples/s
22.347,lp,train,0,0,22884,458.82,samples/s
22.417,lp,train,0,0,22884,461.27,samples/s
22.487,lp,train,0,0,22884,456.01,samples/s
22.556,lp,train,0,0,22884,459.66,samples/s
22.626,lp,train,0,0,22884,457.33,samples/s
22.696,lp,train,0,0,22884,458.39,samples/s
22.766,lp,train,0,0,22884,457.45,samples/s
22.836,lp,train,0,0,22884,458.82,samples/s
22.906,lp,train,0,0,22884,456.1,samples/s
22.976,lp,train,0,0,22884,456.87,samples/s
23.046,lp,train,0,0,22884,457.66,samples/s
23.116,lp,train,0,0,22884,457.59,samples/s
23.186,lp,train,0,0,22884,458.53,samples/s
23.256,lp,train,0,0,22884,461.15,samples/s
23.326,lp,train,0,0,22884,457.49,samples/s
23.396,lp,train,0,0,22884,458.35,samples/s
23.465,lp,train,0,0,22884,457.53,samples/s
23.535,lp,train,0,0,22884,460.85,samples/s
23.605,lp,train,0,0,22884,457.6,samples/s
23.675,lp,train,0,0,22884,458.79,samples/s
23.744,lp,train,0,0,22884,461.97,samples/s
23.814,lp,train,0,0,22884,458.57,samples/s
23.884,lp,train,0,0,22884,454.34,samples/s
23.954,lp,train,0,0,22884,459.28,samples/s
24.024,lp,train,0,0,22884,458.04,samples/s
24.093,lp,train,0,0,22884,461.85,samples/s
24.163,lp,train,0,0,22884,459.39,samples/s
24.233,lp,train,0,0,22884,459.55,samples/s
24.302,lp,train,0,0,22884,458.35,samples/s
24.372,lp,train,0,0,22884,461.12,samples/s
24.442,lp,train,0,0,22884,455.91,samples/s
24.512,lp,train,0,0,22884,461.52,samples/s
24.582,lp,train,0,0,22884,457.17,samples/s
24.652,lp,train,0,0,22884,457.36,samples/s
24.722,lp,train,0,0,22884,457.11,samples/s
24.791,lp,train,0,0,22884,459.23,samples/s
24.861,lp,train,0,0,22884,460.93,samples/s
24.932,lp,train,0,0,22884,451.65,samples/s
25.002,lp,train,0,0,22884,456.74,samples/s
25.072,lp,train,0,0,22884,457.44,samples/s
25.142,lp,train,0,0,22884,459.06,samples/s
25.212,lp,train,0,0,22884,457.02,samples/s
25.281,lp,train,0,0,22884,458.62,samples/s
25.352,lp,train,0,0,22884,455.05,samples/s
25.422,lp,train,0,0,22884,458.71,samples/s
25.491,lp,train,0,0,22884,459.25,samples/s
25.561,lp,train,0,0,22884,458.1,samples/s
25.631,lp,train,0,0,22884,457.48,samples/s
25.701,lp,train,0,0,22884,458.24,samples/s
25.771,lp,train,0,0,22884,460.9,samples/s
25.841,lp,train,0,0,22884,458.14,samples/s
25.91,lp,train,0,0,22884,458.54,samples/s
25.98,lp,train,0,0,22884,458.04,samples/s
26.05,lp,train,0,0,22884,459.85,samples/s
26.12,lp,train,0,0,22884,457.74,samples/s
26.19,lp,train,0,0,22884,458.66,samples/s
26.259,lp,train,0,0,22884,458.79,samples/s
26.329,lp,train,0,0,22884,458.27,samples/s
26.399,lp,train,0,0,22884,459.37,samples/s
26.469,lp,train,0,0,22884,456.85,samples/s
26.539,lp,train,0,0,22884,458.83,samples/s
26.609,lp,train,0,0,22884,455.92,samples/s
26.679,lp,train,0,0,22884,458.92,samples/s
26.751,lp,train,0,0,22884,445.35,samples/s
26.822,lp,train,0,0,22884,452.26,samples/s
26.891,lp,train,0,0,22884,459.96,samples/s
26.961,lp,train,0,0,22884,460.06,samples/s
27.031,lp,train,0,0,22884,454.44,samples/s
27.102,lp,train,0,0,22884,453.25,samples/s
27.171,lp,train,0,0,22884,460.85,samples/s
27.241,lp,train,0,0,22884,458.81,samples/s
27.31,lp,train,0,0,22884,462.93,samples/s
27.38,lp,train,0,0,22884,460.87,samples/s
27.45,lp,train,0,0,22884,459.8,samples/s
27.519,lp,train,0,0,22884,460.34,samples/s
27.588,lp,train,0,0,22884,461.68,samples/s
27.658,lp,train,0,0,22884,462.48,samples/s
27.727,lp,train,0,0,22884,462.89,samples/s
27.796,lp,train,0,0,22884,462.6,samples/s
27.865,lp,train,0,0,22884,462.01,samples/s
27.935,lp,train,0,0,22884,463.47,samples/s
28.004,lp,train,0,0,22884,462.06,samples/s
28.073,lp,train,0,0,22884,464.85,samples/s
28.142,lp,train,0,0,22884,460.43,samples/s
28.211,lp,train,0,0,22884,463.38,samples/s
28.281,lp,train,0,0,22884,461.15,samples/s
28.351,lp,train,0,0,22884,457.58,samples/s
28.42,lp,train,0,0,22884,460.69,samples/s
28.489,lp,train,0,0,22884,462.86,samples/s
28.559,lp,train,0,0,22884,463.5,samples/s
28.628,lp,train,0,0,22884,461.94,samples/s
28.697,lp,train,0,0,22884,463.33,samples/s
28.766,lp,train,0,0,22884,463.19,samples/s
28.835,lp,train,0,0,22884,463.5,samples/s
28.904,lp,train,0,0,22884,463.1,samples/s
28.974,lp,train,0,0,22884,462.87,samples/s
29.043,lp,train,0,0,22884,461.63,samples/s
29.112,lp,train,0,0,22884,464.42,samples/s
29.181,lp,train,0,0,22884,461.86,samples/s
29.25,lp,train,0,0,22884,463.47,samples/s
29.32,lp,train,0,0,22884,459.01,samples/s
29.389,lp,train,0,0,22884,462.74,samples/s
29.458,lp,train,0,0,22884,462.13,samples/s
29.528,lp,train,0,0,22884,460.11,samples/s
29.597,lp,train,0,0,22884,463.58,samples/s
29.666,lp,train,0,0,22884,462.31,samples/s
29.736,lp,train,0,0,22884,461.58,samples/s
29.805,lp,train,0,0,22884,462.26,samples/s
29.875,lp,train,0,0,22884,460.33,samples/s
29.944,lp,train,0,0,22884,460.8,samples/s
30.014,lp,train,0,0,22884,461.29,samples/s
30.083,lp,train,0,0,22884,458.35,samples/s
30.152,lp,train,0,0,22884,465.05,samples/s
30.222,lp,train,0,0,22884,461.7,samples/s
30.291,lp,train,0,0,22884,463.76,samples/s
30.36,lp,train,0,0,22884,462.44,samples/s
30.429,lp,train,0,0,22884,463.43,samples/s
30.499,lp,train,0,0,22884,460.8,samples/s
30.568,lp,train,0,0,22884,463.62,samples/s
30.637,lp,train,0,0,22884,459.79,samples/s
30.707,lp,train,0,0,22884,461.3,samples/s
30.776,lp,train,0,0,22884,462.89,samples/s
30.845,lp,train,0,0,22884,459.96,samples/s
30.914,lp,train,0,0,22884,464.27,samples/s
30.984,lp,train,0,0,22884,462.31,samples/s
31.053,lp,train,0,0,22884,461.38,samples/s
31.122,lp,train,0,0,22884,461.19,samples/s
31.192,lp,train,0,0,22884,464.16,samples/s
31.261,lp,train,0,0,22884,463.34,samples/s
31.33,lp,train,0,0,22884,463.82,samples/s
31.399,lp,train,0,0,22884,460.75,samples/s
31.468,lp,train,0,0,22884,463.57,samples/s
31.538,lp,train,0,0,22884,462.37,samples/s
31.607,lp,train,0,0,22884,462.47,samples/s
31.676,lp,train,0,0,22884,462.91,samples/s
31.746,lp,train,0,0,22884,459.62,samples/s
31.815,lp,train,0,0,22884,460.39,samples/s
31.885,lp,train,0,0,22884,459.01,samples/s
31.954,lp,train,0,0,22884,463.57,samples/s
32.023,lp,train,0,0,22884,461.52,samples/s
32.092,lp,train,0,0,22884,463.03,samples/s
32.163,lp,train,0,0,22884,456.99,samples/s
32.232,lp,train,0,0,22884,462.4,samples/s
32.301,lp,train,0,0,22884,459.61,samples/s
32.371,lp,train,0,0,22884,463.41,samples/s
32.44,lp,train,0,0,22884,460.36,samples/s
32.509,lp,train,0,0,22884,462.5,samples/s
32.579,lp,train,0,0,22884,460.89,samples/s
32.648,lp,train,0,0,22884,461.82,samples/s
32.718,lp,train,0,0,22884,459.76,samples/s
32.787,lp,train,0,0,22884,461.63,samples/s
32.856,lp,train,0,0,22884,462.52,samples/s
32.927,lp,train,0,0,22884,455.24,samples/s
32.996,lp,train,0,0,22884,462.16,samples/s
33.066,lp,train,0,0,22884,460.56,samples/s
33.138,lp,train,0,0,22884,445.1,samples/s
33.211,lp,train,0,0,22884,437.21,samples/s
33.281,lp,train,0,0,22884,454.18,samples/s
33.355,lp,train,0,0,22884,435.03,samples/s
33.425,lp,train,0,0,22884,454.6,samples/s
33.494,lp,train,0,0,22884,463.21,samples/s
33.564,lp,train,0,0,22884,462.03,samples/s
33.633,lp,train,0,0,22884,462.42,samples/s
33.703,lp,train,0,0,22884,459.93,samples/s
33.772,lp,train,0,0,22884,462.3,samples/s
33.843,lp,train,0,0,22884,449.3,samples/s
33.916,lp,train,0,0,22884,436.74,samples/s
33.988,lp,train,0,0,22884,445.87,samples/s
34.058,lp,train,0,0,22884,462.15,samples/s
34.127,lp,train,0,0,22884,462.48,samples/s
34.196,lp,train,0,0,22884,461.58,samples/s
34.266,lp,train,0,0,22884,461.02,samples/s
34.335,lp,train,0,0,22884,463.36,samples/s
34.404,lp,train,0,0,22884,460.51,samples/s
34.473,lp,train,0,0,22884,463.53,samples/s
34.543,lp,train,0,0,22884,460.71,samples/s
34.612,lp,train,0,0,22884,464.05,samples/s
34.681,lp,train,0,0,22884,460.92,samples/s
34.751,lp,train,0,0,22884,462.02,samples/s
34.82,lp,train,0,0,22884,460.71,samples/s
34.89,lp,train,0,0,22884,460.93,samples/s
34.959,lp,train,0,0,22884,461.42,samples/s
35.028,lp,train,0,0,22884,460.74,samples/s
35.098,lp,train,0,0,22884,459.65,samples/s
35.167,lp,train,0,0,22884,462.69,samples/s
35.237,lp,train,0,0,22884,461.39,samples/s
35.306,lp,train,0,0,22884,461.02,samples/s
35.375,lp,train,0,0,22884,462.66,samples/s
35.449,lp,train,0,0,22884,432.38,samples/s
35.52,lp,train,0,0,22884,455.77,samples/s
35.594,lp,train,0,0,22884,431.18,samples/s
35.664,lp,train,0,0,22884,459.84,samples/s
35.733,lp,train,0,0,22884,461.09,samples/s
35.803,lp,train,0,0,22884,459.11,samples/s
35.877,lp,train,0,0,22884,441.88,samples/s
35.957,lp,train,0,0,22884,392.7,samples/s
36.04,lp,train,0,0,22884,386.92,samples/s
36.12,lp,train,0,0,22884,396.35,samples/s
36.202,lp,train,0,0,22884,390.38,samples/s
36.279,lp,train,0,0,22884,419.61,samples/s
36.359,lp,train,0,0,22884,398.57,samples/s
36.435,lp,train,0,0,22884,423.37,samples/s
36.511,lp,train,0,0,22884,420.83,samples/s
36.586,lp,train,0,0,22884,423.04,samples/s
36.662,lp,train,0,0,22884,425.16,samples/s
36.737,lp,train,0,0,22884,423.68,samples/s
36.807,lp,train,0,0,22884,459.35,samples/s
36.877,lp,train,0,0,22884,457.52,samples/s
36.946,lp,train,0,0,22884,460.93,samples/s
37.016,lp,train,0,0,22884,461.6,samples/s
37.085,lp,train,0,0,22884,463.93,samples/s
37.154,lp,train,0,0,22884,461.72,samples/s
37.224,lp,train,0,0,22884,459.77,samples/s
37.309,lp,train,0,0,22884,375.3,samples/s
37.393,lp,train,0,0,22884,380.04,samples/s
37.464,lp,train,0,0,22884,454.62,samples/s
37.534,lp,train,0,0,22884,455.26,samples/s
37.609,lp,train,0,0,22884,426.94,samples/s
37.688,lp,train,0,0,22884,408.69,samples/s
37.786,lp,train,0,0,22884,324.67,samples/s
37.878,lp,train,0,0,22884,349.74,samples/s
37.957,lp,train,0,0,22884,404.33,samples/s
38.105,lp,train,0,0,22884,215.64,samples/s
38.22,lp,train,0,0,22884,280.15,samples/s
38.35,lp,train,0,0,22884,245.32,samples/s
38.477,lp,train,0,0,22884,251.76,samples/s
38.572,lp,train,0,0,22884,339.54,samples/s
38.688,lp,train,0,0,22884,275.44,samples/s
38.814,lp,train,0,0,22884,253.34,samples/s
38.965,lp,train,0,0,22884,212.86,samples/s
39.1,lp,train,0,0,22884,235.98,samples/s
39.233,lp,train,0,0,22884,240.12,samples/s
39.373,lp,train,0,0,22884,228.8,samples/s
39.492,lp,train,0,0,22884,270.71,samples/s
39.613,lp,train,0,0,22884,263.36,samples/s
39.71,lp,train,0,0,22884,330.18,samples/s
39.785,lp,train,0,0,22884,431.1,samples/s
39.878,lp,train,0,0,22884,342.19,samples/s
39.99,lp,train,0,0,22884,286.14,samples/s
40.082,lp,train,0,0,22884,346.86,samples/s
40.207,lp,train,0,0,22884,255.84,samples/s
40.4,lp,train,0,0,22884,166.23,samples/s
40.464,hp,cnn,0,1,23308,216.29,samples/s
40.59,lp,train,0,0,22884,168.04,samples/s
40.754,hp,cnn,0,1,23308,220.35,samples/s
40.782,lp,train,0,0,22884,167.06,samples/s
40.974,lp,train,0,0,22884,167.06,samples/s
41.045,hp,cnn,0,1,23308,220.01,samples/s
41.164,lp,train,0,0,22884,168.38,samples/s
41.336,hp,cnn,0,1,23308,220.22,samples/s
41.354,lp,train,0,0,22884,167.73,samples/s
41.547,lp,train,0,0,22884,166.54,samples/s
41.628,hp,cnn,0,1,23308,219.47,samples/s
41.736,lp,train,0,0,22884,168.78,samples/s
41.918,hp,cnn,0,1,23308,220.36,samples/s
41.927,lp,train,0,0,22884,167.63,samples/s
42.119,lp,train,0,0,22884,166.79,samples/s
42.208,hp,cnn,0,1,23308,220.92,samples/s
42.31,lp,train,0,0,22884,167.59,samples/s
42.498,hp,cnn,0,1,23308,220.2,samples/s
42.502,lp,train,0,0,22884,167.17,samples/s
42.693,lp,train,0,0,22884,167.58,samples/s
42.789,hp,cnn,0,1,23308,220.68,samples/s
42.883,lp,train,0,0,22884,167.8,samples/s
43.074,lp,train,0,0,22884,167.47,samples/s
43.078,hp,cnn,0,1,23308,221.01,samples/s
43.267,lp,train,0,0,22884,166.7,samples/s
43.369,hp,cnn,0,1,23308,219.85,samples/s
43.457,lp,train,0,0,22884,168.01,samples/s
43.647,lp,train,0,0,22884,168.2,samples/s
43.659,hp,cnn,0,1,23308,220.96,samples/s
43.838,lp,train,0,0,22884,167.54,samples/s
43.95,hp,cnn,0,1,23308,220.11,samples/s
44.031,lp,train,0,0,22884,166.32,samples/s
44.222,lp,train,0,0,22884,167.65,samples/s
44.24,hp,cnn,0,1,23308,220.21,samples/s
44.413,lp,train,0,0,22884,167.18,samples/s
44.531,hp,cnn,0,1,23308,220.31,samples/s
44.604,lp,train,0,0,22884,167.58,samples/s
44.797,lp,train,0,0,22884,166.2,samples/s
44.825,hp,cnn,0,1,23308,218.03,samples/s
44.988,lp,train,0,0,22884,167.1,samples/s
45.117,hp,cnn,0,1,23308,219.24,samples/s
45.18,lp,train,0,0,22884,166.79,samples/s
45.372,lp,train,0,0,22884,166.96,samples/s
45.408,hp,cnn,0,1,23308,219.87,samples/s
45.564,lp,train,0,0,22884,166.96,samples/s
45.699,hp,cnn,0,1,23308,219.39,samples/s
45.757,lp,train,0,0,22884,165.39,samples/s
45.948,lp,train,0,0,22884,167.65,samples/s
45.99,hp,cnn,0,1,23308,220.04,samples/s
46.138,lp,train,0,0,22884,168.27,samples/s
46.282,hp,cnn,0,1,23308,219.62,samples/s
46.329,lp,train,0,0,22884,167.64,samples/s
46.52,lp,train,0,0,22884,168.11,samples/s
46.572,hp,cnn,0,1,23308,220.7,samples/s
46.71,lp,train,0,0,22884,168.15,samples/s
46.863,hp,cnn,0,1,23308,219.67,samples/s
46.901,lp,train,0,0,22884,167.75,samples/s
47.092,lp,train,0,0,22884,167.84,samples/s
47.155,hp,cnn,0,1,23308,219.73,samples/s
47.283,lp,train,0,0,22884,167.26,samples/s
47.445,hp,cnn,0,1,23308,220.17,samples/s
47.474,lp,train,0,0,22884,167.65,samples/s
47.665,lp,train,0,0,22884,167.14,samples/s
47.735,hp,cnn,0,1,23308,220.64,samples/s
47.857,lp,train,0,0,22884,167.26,samples/s
48.026,hp,cnn,0,1,23308,220.59,samples/s
48.046,lp,train,0,0,22884,168.63,samples/s
48.238,lp,train,0,0,22884,166.93,samples/s
48.316,hp,cnn,0,1,23308,220.39,samples/s
48.429,lp,train,0,0,22884,168.06,samples/s
48.613,hp,cnn,0,1,23308,215.34,samples/s
48.625,lp,train,0,0,22884,163.28,samples/s
48.817,lp,train,0,0,22884,166.09,samples/s
48.904,hp,cnn,0,1,23308,219.82,samples/s
49.009,lp,train,0,0,22884,167.17,samples/s
49.196,hp,cnn,0,1,23308,219.56,samples/s
49.199,lp,train,0,0,22884,168.23,samples/s
49.394,lp,train,0,0,22884,164.39,samples/s
49.491,hp,cnn,0,1,23308,216.76,samples/s
49.585,lp,train,0,0,22884,167.29,samples/s
49.782,lp,train,0,0,22884,162.59,samples/s
49.784,hp,cnn,0,1,23308,218.71,samples/s
49.974,lp,train,0,0,22884,166.53,samples/s
50.075,hp,cnn,0,1,23308,220.28,samples/s
50.166,lp,train,0,0,22884,166.82,samples/s
50.362,lp,train,0,0,22884,163.16,samples/s
50.371,hp,cnn,0,1,23308,215.6,samples/s
50.56,lp,train,0,0,22884,162.02,samples/s
50.672,hp,cnn,0,1,23308,213.07,samples/s
50.756,lp,train,0,0,22884,162.93,samples/s
50.953,lp,train,0,0,22884,162.38,samples/s
50.971,hp,cnn,0,1,23308,213.97,samples/s
51.145,lp,train,0,0,22884,166.76,samples/s
51.263,hp,cnn,0,1,23308,219.32,samples/s
51.335,lp,train,0,0,22884,168.79,samples/s
51.527,lp,train,0,0,22884,167.11,samples/s
51.552,hp,cnn,0,1,23308,221.41,samples/s
51.717,lp,train,0,0,22884,167.75,samples/s
51.844,hp,cnn,0,1,23308,219.34,samples/s
51.907,lp,train,0,0,22884,168.85,samples/s
52.098,lp,train,0,0,22884,167.53,samples/s
52.135,hp,cnn,0,1,23308,219.91,samples/s
52.289,lp,train,0,0,22884,167.88,samples/s
52.426,hp,cnn,0,1,23308,220.1,samples/s
52.48,lp,train,0,0,22884,167.47,samples/s
52.673,lp,train,0,0,22884,165.29,samples/s
52.719,hp,cnn,0,1,23308,218.73,samples/s
52.865,lp,train,0,0,22884,167.15,samples/s
53.008,hp,cnn,0,1,23308,220.95,samples/s
53.056,lp,train,0,0,22884,167.3,samples/s
53.248,lp,train,0,0,22884,167.33,samples/s
53.297,hp,cnn,0,1,23308,221.19,samples/s
53.437,lp,train,0,0,22884,168.82,samples/s
53.587,hp,cnn,0,1,23308,220.95,samples/s
53.628,lp,train,0,0,22884,167.53,samples/s
53.82,lp,train,0,0,22884,166.92,samples/s
53.872,hp,cnn,0,1,23308,225.05,samples/s
54.01,lp,train,0,0,22884,168.18,samples/s
54.161,hp,cnn,0,1,23308,220.89,samples/s
54.201,lp,train,0,0,22884,167.41,samples/s
54.392,lp,train,0,0,22884,168.19,samples/s
54.45,hp,cnn,0,1,23308,221.47,samples/s
54.582,lp,train,0,0,22884,168.58,samples/s
54.739,hp,cnn,0,1,23308,222.08,samples/s
54.773,lp,train,0,0,22884,167.44,samples/s
54.964,lp,train,0,0,22884,167.24,samples/s
55.028,hp,cnn,0,1,23308,221.32,samples/s
55.154,lp,train,0,0,22884,168.81,samples/s
55.316,hp,cnn,0,1,23308,222.05,samples/s
55.344,lp,train,0,0,22884,168.22,samples/s
55.536,lp,train,0,0,22884,166.68,samples/s
55.605,hp,cnn,0,1,23308,221.69,samples/s
55.727,lp,train,0,0,22884,167.93,samples/s
55.895,hp,cnn,0,1,23308,220.34,samples/s
55.919,lp,train,0,0,22884,166.81,samples/s
56.11,lp,train,0,0,22884,167.25,samples/s
56.185,hp,cnn,0,1,23308,221.14,samples/s
56.301,lp,train,0,0,22884,167.62,samples/s
56.476,hp,cnn,0,1,23308,220.08,samples/s
56.492,lp,train,0,0,22884,167.73,samples/s
56.683,lp,train,0,0,22884,167.11,samples/s
56.765,hp,cnn,0,1,23308,221.29,samples/s
56.873,lp,train,0,0,22884,168.34,samples/s
57.055,hp,cnn,0,1,23308,221.02,samples/s
57.066,lp,train,0,0,22884,166.48,samples/s
57.258,lp,train,0,0,22884,166.23,samples/s
57.343,hp,cnn,0,1,23308,222.16,samples/s
57.45,lp,train,0,0,22884,167.3,samples/s
57.632,hp,cnn,0,1,23308,221.49,samples/s
57.641,lp,train,0,0,22884,167.29,samples/s
57.833,lp,train,0,0,22884,166.44,samples/s
57.919,hp,cnn,0,1,23308,222.85,samples/s
58.023,lp,train,0,0,22884,168.48,samples/s
58.209,hp,cnn,0,1,23308,220.94,samples/s
58.215,lp,train,0,0,22884,167.05,samples/s
58.405,lp,train,0,0,22884,168.17,samples/s
58.499,hp,cnn,0,1,23308,220.77,samples/s
58.595,lp,train,0,0,22884,168.32,samples/s
58.785,lp,train,0,0,22884,168.81,samples/s
58.788,hp,cnn,0,1,23308,220.81,samples/s
58.976,lp,train,0,0,22884,167.68,samples/s
59.079,hp,cnn,0,1,23308,220.49,samples/s
59.166,lp,train,0,0,22884,167.79,samples/s
59.356,lp,train,0,0,22884,168.5,samples/s
59.368,hp,cnn,0,1,23308,221.29,samples/s
59.547,lp,train,0,0,22884,167.95,samples/s
59.658,hp,cnn,0,1,23308,220.58,samples/s
59.738,lp,train,0,0,22884,167.17,samples/s
59.929,lp,train,0,0,22884,168.22,samples/s
59.946,hp,cnn,0,1,23308,222.08,samples/s
60.12,lp,train,0,0,22884,167.43,samples/s
60.237,hp,cnn,0,1,23308,220.6,samples/s
60.311,lp,train,0,0,22884,167.95,samples/s
60.502,lp,train,0,0,22884,167.38,samples/s
60.526,hp,cnn,0,1,23308,220.96,samples/s
60.693,lp,train,0,0,22884,167.75,samples/s
60.816,hp,cnn,0,1,23308,220.65,samples/s
60.884,lp,train,0,0,22884,167.19,samples/s
61.075,lp,train,0,0,22884,167.86,samples/s
61.104,hp,cnn,0,1,23308,222.3,samples/s
61.267,lp,train,0,0,22884,166.63,samples/s
61.395,hp,cnn,0,1,23308,220.0,samples/s
61.458,lp,train,0,0,22884,167.24,samples/s
61.649,lp,train,0,0,22884,167.34,samples/s
61.686,hp,cnn,0,1,23308,220.34,samples/s
61.841,lp,train,0,0,22884,167.53,samples/s
61.982,hp,cnn,0,1,23308,215.89,samples/s
62.039,lp,train,0,0,22884,161.49,samples/s
62.235,lp,train,0,0,22884,162.93,samples/s
62.283,hp,cnn,0,1,23308,212.99,samples/s
62.43,lp,train,0,0,22884,164.13,samples/s
62.582,hp,cnn,0,1,23308,213.69,samples/s
62.628,lp,train,0,0,22884,162.05,samples/s
62.821,lp,train,0,0,22884,165.88,samples/s
62.877,hp,cnn,0,1,23308,217.54,samples/s
63.011,lp,train,0,0,22884,167.84,samples/s
63.166,hp,cnn,0,1,23308,221.43,samples/s
63.202,lp,train,0,0,22884,168.06,samples/s
63.394,lp,train,0,0,22884,166.97,samples/s
63.457,hp,cnn,0,1,23308,220.01,samples/s
63.584,lp,train,0,0,22884,168.17,samples/s
63.747,hp,cnn,0,1,23308,220.32,samples/s
63.775,lp,train,0,0,22884,167.81,samples/s
63.965,lp,train,0,0,22884,167.93,samples/s
64.038,hp,cnn,0,1,23308,219.88,samples/s
64.157,lp,train,0,0,22884,166.89,samples/s
64.33,hp,cnn,0,1,23308,219.63,samples/s
64.348,lp,train,0,0,22884,167.49,samples/s
64.54,lp,train,0,0,22884,167.09,samples/s
64.621,hp,cnn,0,1,23308,220.01,samples/s
64.729,lp,train,0,0,22884,168.72,samples/s
64.912,hp,cnn,0,1,23308,220.09,samples/s
64.921,lp,train,0,0,22884,167.36,samples/s
65.114,lp,train,0,0,22884,165.76,samples/s
65.202,hp,cnn,0,1,23308,220.55,samples/s
65.304,lp,train,0,0,22884,167.84,samples/s
65.493,hp,cnn,0,1,23308,219.49,samples/s
65.494,lp,train,0,0,22884,168.49,samples/s
65.685,lp,train,0,0,22884,167.56,samples/s
65.784,hp,cnn,0,1,23308,219.89,samples/s
65.877,lp,train,0,0,22884,167.35,samples/s
66.068,lp,train,0,0,22884,167.01,samples/s
66.076,hp,cnn,0,1,23308,219.58,samples/s
66.259,lp,train,0,0,22884,167.52,samples/s
66.368,hp,cnn,0,1,23308,218.76,samples/s
66.451,lp,train,0,0,22884,167.4,samples/s
66.641,lp,train,0,0,22884,168.37,samples/s
66.659,hp,cnn,0,1,23308,220.54,samples/s
66.833,lp,train,0,0,22884,166.24,samples/s
66.949,hp,cnn,0,1,23308,220.3,samples/s
67.025,lp,train,0,0,22884,166.55,samples/s
67.216,lp,train,0,0,22884,168.2,samples/s
67.24,hp,cnn,0,1,23308,220.36,samples/s
67.407,lp,train,0,0,22884,167.68,samples/s
67.532,hp,cnn,0,1,23308,219.33,samples/s
67.598,lp,train,0,0,22884,167.33,samples/s
67.788,lp,train,0,0,22884,168.01,samples/s
67.823,hp,cnn,0,1,23308,219.77,samples/s
67.98,lp,train,0,0,22884,167.51,samples/s
68.113,hp,cnn,0,1,23308,220.79,samples/s
68.172,lp,train,0,0,22884,166.13,samples/s
68.363,lp,train,0,0,22884,167.71,samples/s
68.404,hp,cnn,0,1,23308,220.0,samples/s
68.554,lp,train,0,0,22884,167.3,samples/s
68.694,hp,cnn,0,1,23308,220.51,samples/s
68.746,lp,train,0,0,22884,167.41,samples/s
68.935,lp,train,0,0,22884,168.75,samples/s
68.985,hp,cnn,0,1,23308,219.74,samples/s
69.125,lp,train,0,0,22884,168.39,samples/s
69.277,hp,cnn,0,1,23308,219.47,samples/s
69.316,lp,train,0,0,22884,168.27,samples/s
69.508,lp,train,0,0,22884,166.01,samples/s
69.567,hp,cnn,0,1,23308,221.01,samples/s
69.7,lp,train,0,0,22884,166.87,samples/s
69.857,hp,cnn,0,1,23308,220.35,samples/s
69.893,lp,train,0,0,22884,166.32,samples/s
70.086,lp,train,0,0,22884,165.76,samples/s
70.149,hp,cnn,0,1,23308,219.47,samples/s
70.276,lp,train,0,0,22884,168.1,samples/s
70.439,hp,cnn,0,1,23308,220.61,samples/s
70.467,lp,train,0,0,22884,167.27,samples/s
70.658,lp,train,0,0,22884,167.85,samples/s
70.73,hp,cnn,0,1,23308,219.87,samples/s
70.849,lp,train,0,0,22884,168.01,samples/s
71.021,hp,cnn,0,1,23308,220.06,samples/s
71.039,lp,train,0,0,22884,167.77,samples/s
71.231,lp,train,0,0,22884,166.69,samples/s
71.312,hp,cnn,0,1,23308,220.13,samples/s
71.422,lp,train,0,0,22884,167.72,samples/s
71.602,hp,cnn,0,1,23308,220.24,samples/s
71.612,lp,train,0,0,22884,168.25,samples/s
71.805,lp,train,0,0,22884,166.38,samples/s
71.893,hp,cnn,0,1,23308,220.48,samples/s
71.995,lp,train,0,0,22884,167.94,samples/s
72.183,hp,cnn,0,1,23308,220.38,samples/s
72.185,lp,train,0,0,22884,168.43,samples/s
72.379,lp,train,0,0,22884,165.05,samples/s
72.478,hp,cnn,0,1,23308,217.23,samples/s
72.572,lp,train,0,0,22884,166.41,samples/s
72.762,lp,train,0,0,22884,168.16,samples/s
72.768,hp,cnn,0,1,23308,220.69,samples/s
72.953,lp,train,0,0,22884,167.25,samples/s
73.06,hp,cnn,0,1,23308,218.87,samples/s
73.144,lp,train,0,0,22884,167.7,samples/s
73.336,lp,train,0,0,22884,166.77,samples/s
73.353,hp,cnn,0,1,23308,218.95,samples/s
73.528,lp,train,0,0,22884,166.69,samples/s
73.646,hp,cnn,0,1,23308,218.51,samples/s
73.719,lp,train,0,0,22884,168.18,samples/s
73.912,lp,train,0,0,22884,165.61,samples/s
73.933,hp,cnn,0,1,23308,222.73,samples/s
74.105,lp,train,0,0,22884,166.1,samples/s
74.223,hp,cnn,0,1,23308,220.43,samples/s
74.297,lp,train,0,0,22884,166.8,samples/s
74.488,lp,train,0,0,22884,167.05,samples/s
74.515,hp,cnn,0,1,23308,219.63,samples/s
74.681,lp,train,0,0,22884,165.73,samples/s
74.809,hp,cnn,0,1,23308,217.75,samples/s
74.873,lp,train,0,0,22884,166.84,samples/s
75.064,lp,train,0,0,22884,167.65,samples/s
75.098,hp,cnn,0,1,23308,221.27,samples/s
75.254,lp,train,0,0,22884,168.75,samples/s
75.387,hp,cnn,0,1,23308,221.78,samples/s
75.445,lp,train,0,0,22884,167.53,samples/s
75.636,lp,train,0,0,22884,167.33,samples/s
75.677,hp,cnn,0,1,23308,220.28,samples/s
75.828,lp,train,0,0,22884,167.13,samples/s
75.969,hp,cnn,0,1,23308,219.51,samples/s
76.019,lp,train,0,0,22884,167.25,samples/s
76.212,lp,train,0,0,22884,165.96,samples/s
76.262,hp,cnn,0,1,23308,218.18,samples/s
76.404,lp,train,0,0,22884,166.45,samples/s
76.553,hp,cnn,0,1,23308,220.45,samples/s
76.594,lp,train,0,0,22884,168.47,samples/s
76.786,lp,train,0,0,22884,166.6,samples/s
76.844,hp,cnn,0,1,23308,219.91,samples/s
76.975,lp,train,0,0,22884,169.15,samples/s
77.134,hp,cnn,0,1,23308,220.33,samples/s
77.164,lp,train,0,0,22884,169.42,samples/s
77.356,lp,train,0,0,22884,167.24,samples/s
77.425,hp,cnn,0,1,23308,219.82,samples/s
77.546,lp,train,0,0,22884,168.48,samples/s
77.716,hp,cnn,0,1,23308,220.52,samples/s
77.737,lp,train,0,0,22884,167.18,samples/s
77.928,lp,train,0,0,22884,167.43,samples/s
78.005,hp,cnn,0,1,23308,220.9,samples/s
78.118,lp,train,0,0,22884,168.9,samples/s
78.295,hp,cnn,0,1,23308,220.82,samples/s
78.309,lp,train,0,0,22884,167.25,samples/s
78.5,lp,train,0,0,22884,167.95,samples/s
78.585,hp,cnn,0,1,23308,221.0,samples/s
78.69,lp,train,0,0,22884,167.98,samples/s
78.875,hp,cnn,0,1,23308,220.93,samples/s
78.882,lp,train,0,0,22884,167.09,samples/s
79.074,lp,train,0,0,22884,166.19,samples/s
79.165,hp,cnn,0,1,23308,220.41,samples/s
79.265,lp,train,0,0,22884,167.82,samples/s
79.456,hp,cnn,0,1,23308,220.28,samples/s
79.456,lp,train,0,0,22884,167.89,samples/s
79.647,lp,train,0,0,22884,167.19,samples/s
79.745,hp,cnn,0,1,23308,221.27,samples/s
79.839,lp,train,0,0,22884,167.29,samples/s
80.03,lp,train,0,0,22884,167.03,samples/s
80.033,hp,cnn,0,1,23308,222.12,samples/s
80.222,lp,train,0,0,22884,167.02,samples/s
80.324,hp,cnn,0,1,23308,219.72,samples/s
80.412,lp,train,0,0,22884,168.05,samples/s
80.602,lp,train,0,0,22884,168.56,samples/s
80.613,hp,cnn,0,1,23308,221.94,samples/s
80.793,lp,train,0,0,22884,168.0,samples/s
80.902,hp,cnn,0,1,23308,221.0,samples/s
80.984,lp,train,0,0,22884,167.41,samples/s
81.142,hp,cnn,0,1,23308,267.76,samples/s
81.254,hp,cnn,0,1,23308,570.2,samples/s
81.368,hp,cnn,0,1,23308,562.18,samples/s
